City_ID,City,Country,Lat,Lng,Max Temp,Humidity,Cloudiness,Wind Speed,Current Description
0,Abu Dhabi,AE,24.47,54.37,95.0,71,98,4.7,overcast clouds
1,Lerici,IT,44.08,9.91,78.01,59,0,1.99,clear sky
2,Castro,BR,-24.79,-50.01,41.47,90,99,5.23,overcast clouds
3,Woodward,US,36.43,-99.39,86.0,35,40,11.41,scattered clouds
4,Tuy Hoa,VN,13.08,109.3,76.03,84,13,6.02,few clouds
5,Hobart,AU,-42.88,147.33,37.4,86,20,9.17,few clouds
6,Butaritari,KI,3.07,172.79,81.86,67,100,1.95,overcast clouds
7,Cayenne,GF,4.93,-52.33,86.0,62,90,11.41,overcast clouds
8,Provideniya,RU,64.38,-173.3,50.04,90,100,9.15,overcast clouds
9,Cape Town,ZA,-33.93,18.42,51.8,93,18,1.12,few clouds
10,Bredasdorp,ZA,-34.53,20.04,48.2,93,61,5.82,broken clouds
11,San Andres,CO,12.58,-81.7,84.2,79,40,3.36,scattered clouds
12,Thunder Bay,CA,48.4,-89.32,75.99,69,20,6.93,few clouds
13,Vardo,NO,70.37,31.11,50.0,100,75,17.22,broken clouds
14,Sao Filipe,CV,14.9,-24.5,77.7,74,40,5.41,scattered clouds
15,Nouadhibou,MR,20.93,-17.03,78.8,83,84,12.75,broken clouds
16,Ekibastuz,KZ,51.67,75.37,55.38,75,9,10.29,clear sky
17,Port Elizabeth,ZA,-33.92,25.57,57.2,82,65,6.93,broken clouds
18,Ponta Do Sol,PT,32.67,-17.1,73.99,88,75,8.05,light intensity drizzle
19,Tiarei,PF,-17.53,-149.33,82.4,69,40,4.7,scattered clouds
20,Srednekolymsk,RU,67.45,153.68,40.82,71,100,13.53,overcast clouds
21,Yellowknife,CA,62.46,-114.35,57.2,58,75,14.99,broken clouds
22,Shieli,KZ,44.17,66.75,65.57,31,58,3.96,broken clouds
23,Bambanglipuro,ID,-7.95,110.28,73.35,90,100,4.38,overcast clouds
24,New Norfolk,AU,-42.78,147.06,37.0,90,2,2.15,clear sky
25,Bambous Virieux,MU,-20.34,57.76,70.0,73,40,6.93,scattered clouds
26,Puerto Ayora,EC,-0.74,-90.35,78.8,47,83,17.22,broken clouds
27,Pisco,PE,-13.7,-76.22,64.0,82,75,8.05,mist
28,Jamestown,US,42.1,-79.24,80.01,54,20,3.36,few clouds
29,Punta Arenas,CL,-53.15,-70.92,46.4,70,75,18.34,broken clouds
30,Ushuaia,AR,-54.8,-68.3,44.6,70,75,17.22,broken clouds
31,Sao Joao Da Barra,BR,-21.64,-41.05,69.8,73,90,9.17,overcast clouds
32,Port Alberni,CA,49.24,-124.8,64.0,93,75,7.74,light rain
33,Finschhafen,PG,-6.6,147.87,79.11,75,37,6.93,scattered clouds
34,Saint-Philippe,RE,-21.36,55.77,68.0,60,42,6.93,scattered clouds
35,Carnarvon,AU,-24.87,113.63,53.6,100,27,4.7,scattered clouds
36,Bengkulu,ID,-3.8,102.27,75.31,86,79,4.81,light rain
37,Yellapur,IN,14.97,74.72,70.05,100,100,3.44,overcast clouds
38,Albany,US,42.6,-73.97,87.01,32,80,9.06,broken clouds
39,Rikitea,PF,-23.12,-134.97,65.91,68,0,22.19,clear sky
40,Erenhot,CN,43.65,111.98,72.03,49,100,11.92,overcast clouds
41,Yulara,AU,-25.24,130.99,46.4,45,0,9.17,clear sky
42,Hilo,US,19.73,-155.09,82.4,65,75,10.29,broken clouds
43,Ust-Ilimsk,RU,58.0,102.66,56.01,79,100,1.92,overcast clouds
44,Mar Del Plata,AR,-38.0,-57.56,57.0,66,0,11.41,clear sky
45,Avarua,CK,-21.21,-159.78,77.0,78,15,19.46,few clouds
46,Kodiak,US,57.79,-152.41,71.6,43,1,14.99,clear sky
47,Upernavik,GL,72.79,-56.15,44.46,71,22,10.27,few clouds
48,Klaksvik,FO,62.23,-6.59,51.8,93,83,14.99,broken clouds
49,Ziway,ET,7.93,38.72,64.0,82,21,9.24,light rain
50,Mumford,GH,5.26,-0.76,74.03,93,22,8.34,few clouds
51,Atuona,PF,-9.8,-139.03,78.8,77,2,13.78,light rain
52,Vaini,TO,-21.2,-175.2,77.0,88,40,6.93,scattered clouds
53,Tocopilla,CL,-22.09,-70.2,65.28,46,21,5.84,few clouds
54,Sabha,LY,27.04,14.43,85.37,23,0,13.18,clear sky
55,Iqaluit,CA,63.75,-68.51,55.4,62,75,3.36,broken clouds
56,Waddan,LY,29.16,16.14,77.5,51,0,14.97,clear sky
57,Komsomolskiy,UZ,40.43,71.72,73.4,46,0,6.93,clear sky
58,Carballo,ES,43.21,-8.69,68.0,60,20,6.93,few clouds
59,Faanui,PF,-16.48,-151.75,77.58,79,3,22.59,clear sky
60,Fairbanks,US,64.84,-147.72,55.4,87,40,2.42,scattered clouds
61,Hermanus,ZA,-34.42,19.23,46.0,93,70,3.02,broken clouds
62,Hasaki,JP,35.73,140.83,75.2,100,20,2.24,fog
63,Bluff,NZ,-46.6,168.33,48.99,97,70,1.99,broken clouds
64,Busselton,AU,-33.65,115.33,51.01,73,95,7.72,overcast clouds
65,Mount Isa,AU,-20.73,139.5,60.8,29,53,10.29,broken clouds
66,Nikolskoye,RU,59.7,30.79,64.4,63,0,2.24,clear sky
67,Shelburne,CA,44.08,-80.2,82.99,57,20,6.93,few clouds
68,Half Moon Bay,US,37.46,-122.43,84.99,82,1,11.41,clear sky
69,Kapaa,US,22.08,-159.32,82.99,69,75,13.87,broken clouds
70,Kokopo,PG,-4.35,152.26,77.36,88,1,6.22,clear sky
71,Vitim,RU,59.45,112.56,52.9,89,25,1.32,scattered clouds
72,Thompson,CA,55.74,-97.86,62.6,63,75,10.29,broken clouds
73,Kavieng,PG,-2.57,150.8,82.58,75,0,8.95,clear sky
74,Mahebourg,MU,-20.41,57.7,69.8,73,40,6.93,scattered clouds
75,Pacific Grove,US,36.62,-121.92,78.01,64,90,4.7,haze
76,Santiago Del Estero,AR,-27.8,-64.26,65.12,25,0,8.79,clear sky
77,Santa Cruz De La Palma,ES,28.68,-17.76,80.01,78,20,12.75,few clouds
78,Bubaque,GW,11.28,-15.83,79.86,82,95,17.38,light rain
79,Yetkul,RU,54.82,61.59,55.4,100,40,8.95,scattered clouds
80,Labuhan,ID,-6.88,112.21,76.28,77,81,9.42,broken clouds
81,Taksimo,RU,56.34,114.88,52.3,75,94,1.32,overcast clouds
82,Sao Jose Da Coroa Grande,BR,-8.9,-35.15,74.95,82,99,8.66,overcast clouds
83,Hobyo,SO,5.35,48.53,76.33,81,78,26.11,broken clouds
84,Mataura,NZ,-46.19,168.86,48.99,97,76,1.99,broken clouds
85,Lorengau,PG,-2.02,147.27,82.83,71,46,8.93,scattered clouds
86,Olafsvik,IS,64.89,-23.71,52.56,64,0,15.82,clear sky
87,Salinas,US,36.68,-121.66,78.01,53,1,12.75,haze
88,Barrow,US,71.29,-156.79,48.2,93,90,9.17,fog
89,Taoudenni,ML,22.68,-3.98,105.06,8,43,9.82,scattered clouds
90,Cockburn Town,TC,21.46,-71.14,87.8,66,40,14.99,scattered clouds
91,Nyimba,ZM,-14.56,30.81,70.52,50,0,12.59,clear sky
92,Saint George,US,37.1,-113.58,105.01,17,1,10.51,clear sky
93,Acapulco,MX,16.86,-99.89,86.0,74,40,4.7,scattered clouds
94,Urumqi,CN,43.8,87.6,71.6,46,100,8.95,overcast clouds
95,Nanortalik,GL,60.14,-45.24,48.27,65,0,0.98,clear sky
96,Mao,ES,39.89,4.27,80.6,88,20,4.7,few clouds
97,Marystown,CA,47.17,-55.15,63.81,70,87,13.53,overcast clouds
98,Oktyabrskiy,RU,54.48,53.47,49.91,94,40,4.5,scattered clouds
99,Maine-Soroa,NE,13.21,12.02,82.9,60,82,8.16,broken clouds
100,Ancud,CL,-41.87,-73.82,53.01,71,0,5.82,clear sky
101,Norman Wells,CA,65.28,-126.83,64.4,55,75,17.22,broken clouds
102,Ribeira Grande,PT,38.52,-28.7,71.6,73,75,3.36,broken clouds
103,Guerrero Negro,MX,27.98,-114.06,96.8,37,11,28.19,few clouds
104,Katsuura,JP,35.13,140.3,78.8,100,20,3.36,few clouds
105,Kaitangata,NZ,-46.28,169.85,46.0,90,84,7.0,broken clouds
106,Ikom,NG,5.97,8.71,72.25,97,100,1.14,light rain
107,Severo-Kurilsk,RU,50.68,156.12,55.02,71,18,9.37,few clouds
108,Lucapa,AO,-8.42,20.74,68.86,80,97,3.38,overcast clouds
109,Lebu,CL,-37.62,-73.65,52.32,75,0,15.26,clear sky
110,Tuktoyaktuk,CA,69.45,-133.04,53.42,70,0,4.34,clear sky
111,Dorobantu,RO,44.22,26.95,78.01,40,1,1.99,clear sky
112,Tasiilaq,GL,65.61,-37.64,50.0,53,17,9.17,few clouds
113,Cabo San Lucas,MX,22.89,-109.91,84.99,74,40,4.7,scattered clouds
114,Codrington,AU,-38.27,141.97,46.04,81,74,17.38,light rain
115,Filingue,NE,14.35,3.32,79.23,71,78,33.33,heavy intensity rain
116,Luderitz,NA,-26.65,15.16,71.82,20,0,12.03,clear sky
117,Cherskiy,RU,68.75,161.3,40.98,80,100,14.5,overcast clouds
118,Whitley Bay,GB,55.04,-1.45,63.0,72,20,14.99,few clouds
119,Atlantis,ZA,-33.57,18.48,51.01,93,1,3.8,clear sky
120,Oistins,BB,13.07,-59.53,84.2,79,40,18.34,shower rain
121,Torbay,CA,47.67,-52.73,70.0,46,75,20.8,broken clouds
122,Chiriqui,PA,8.4,-82.32,82.4,78,40,10.29,scattered clouds
123,Yahualica,MX,21.13,-102.85,77.52,52,26,0.94,light rain
124,Saint-Georges,GD,12.06,-61.75,86.0,74,40,11.41,scattered clouds
125,Namtsy,RU,62.72,129.67,37.4,74,0,6.71,clear sky
126,Murdochville,CA,48.96,-65.5,59.83,49,5,9.46,clear sky
127,Bethel,US,41.37,-73.41,87.01,51,75,5.82,broken clouds
128,Khatanga,RU,71.97,102.5,43.2,67,0,13.22,clear sky
129,Seymchan,RU,62.88,152.43,38.93,75,100,15.86,overcast clouds
130,Bilibino,RU,68.05,166.44,40.87,82,100,8.03,overcast clouds
131,Ko Samui,TH,9.54,99.94,82.49,78,100,13.42,overcast clouds
132,Chumikan,RU,54.72,135.31,51.6,68,90,8.08,overcast clouds
133,Faya,SA,18.39,42.45,78.8,17,20,1.23,few clouds
134,East London,ZA,-33.02,27.91,59.54,73,3,10.76,clear sky
135,Birjand,IR,32.87,59.22,73.4,18,0,11.41,clear sky
136,Umm Lajj,SA,25.02,37.27,85.51,63,0,7.65,clear sky
137,Najran,SA,17.49,44.13,89.6,14,78,2.24,broken clouds
138,Paso De Carrasco,UY,-34.86,-56.05,57.2,33,0,9.17,clear sky
139,Sioux Lookout,CA,50.1,-91.92,78.8,61,75,5.82,broken clouds
140,Luau,AO,-10.71,22.22,75.29,35,94,3.67,overcast clouds
141,Siderno,IT,38.28,16.3,79.0,69,0,3.36,clear sky
142,Waipawa,NZ,-41.41,175.52,54.0,93,31,3.36,scattered clouds
143,Sidi Ali,DZ,36.1,0.42,73.44,66,0,1.3,clear sky
144,Namatanai,PG,-3.67,152.43,79.52,82,1,4.65,clear sky
145,Ossora,RU,59.24,163.07,52.14,82,100,2.08,overcast clouds
146,Port Alfred,ZA,-33.59,26.89,58.48,74,26,13.73,scattered clouds
147,Chuy,UY,-33.7,-53.46,50.54,67,0,5.14,clear sky
148,Ust-Maya,RU,60.42,134.53,43.41,66,2,2.19,clear sky
149,Qaanaaq,GL,77.48,-69.36,39.61,78,86,3.0,overcast clouds
150,Souillac,MU,-20.52,57.52,69.8,73,40,6.93,scattered clouds
151,Ventspils,LV,57.39,21.56,66.2,93,100,2.24,overcast clouds
152,Gelemso,ET,8.82,40.52,61.56,87,100,9.13,light rain
153,Hovd,MN,48.01,91.64,60.13,39,1,6.15,clear sky
154,Touros,BR,-5.2,-35.46,78.8,78,20,11.41,few clouds
155,Talara,PE,-4.58,-81.27,75.2,57,9,12.75,clear sky
156,Saint-Augustin,CA,51.23,-58.65,64.72,48,77,15.95,broken clouds
157,Lavras Da Mangabeira,BR,-6.75,-38.96,95.0,23,20,8.05,few clouds
158,Kruisfontein,ZA,-34.0,24.73,54.0,90,97,1.99,overcast clouds
159,Kamenka,RU,51.32,42.77,54.0,63,48,3.0,scattered clouds
160,Villanueva,HN,15.32,-88.0,95.0,50,40,11.41,scattered clouds
161,Atar,MR,20.52,-13.05,88.27,44,9,6.29,clear sky
162,Chokurdakh,RU,70.63,147.92,35.92,93,99,8.19,overcast clouds
163,Bama,NG,11.52,13.69,75.13,86,45,6.29,scattered clouds
164,Huarmey,PE,-10.07,-78.15,66.13,68,89,8.75,overcast clouds
165,Cidreira,BR,-30.18,-50.21,49.8,57,0,8.12,clear sky
166,Wahpeton,US,46.27,-96.61,87.01,66,1,5.82,clear sky
167,Teknaf,BD,20.86,92.31,78.48,89,100,4.03,moderate rain
168,Ketchikan,US,55.34,-131.65,57.2,93,90,5.82,light rain
169,Timizart,DZ,36.8,4.27,75.38,82,1,2.68,clear sky
170,Praya,CV,14.92,-23.51,82.4,61,40,3.36,scattered clouds
171,Whitehorse,CA,60.72,-135.05,59.0,82,75,3.36,light intensity shower rain
172,Ilulissat,GL,69.22,-51.1,48.2,45,82,3.36,broken clouds
173,Shimoda,JP,34.67,138.95,75.99,92,0,5.12,clear sky
174,Amahai,ID,-3.33,128.92,76.21,87,91,2.28,light rain
175,Abnub,EG,27.27,31.15,85.69,27,0,15.26,clear sky
176,Buala,SB,-8.14,159.59,81.75,74,92,2.55,light rain
177,Garden City,US,42.33,-83.33,90.0,35,20,10.29,few clouds
178,Dikson,RU,73.51,80.55,43.0,80,0,13.47,clear sky
179,Den Helder,NL,52.96,4.76,71.01,68,0,19.46,clear sky
180,Hamilton,US,39.18,-84.53,87.01,54,1,3.36,clear sky
181,The Valley,AI,18.22,-63.06,84.2,78,20,14.99,few clouds
182,Cradock,ZA,-32.16,25.62,50.13,46,0,3.36,clear sky
183,Karratha,AU,-20.74,116.85,69.89,32,0,8.66,clear sky
184,Samarai,PG,-10.62,150.67,77.18,78,99,7.45,overcast clouds
185,Monki,PL,53.41,22.8,69.01,65,95,4.88,overcast clouds
186,Nador,MA,35.17,-2.93,80.6,65,0,5.82,clear sky
187,Zaysan,KZ,47.47,84.87,58.1,50,0,6.04,clear sky
188,Mahanoro,MG,-19.9,48.8,66.61,88,2,2.98,clear sky
189,Kerema,PG,-7.96,145.78,75.63,86,78,4.0,broken clouds
190,Porto Velho,BR,-8.76,-63.9,66.2,63,90,8.05,overcast clouds
191,Prince Albert,CA,53.2,-105.77,73.4,73,75,16.11,broken clouds
192,Guatire,VE,10.48,-66.54,78.01,79,97,1.97,light rain
193,Sitka,US,57.05,-135.33,60.8,82,40,8.05,scattered clouds
194,Hit,IQ,33.64,42.83,83.77,19,0,4.81,clear sky
195,Constitucion,CL,-35.33,-72.42,59.16,64,0,5.46,clear sky
196,Dunedin,NZ,-45.87,170.5,46.0,94,77,10.0,broken clouds
197,Raudeberg,NO,61.99,5.14,62.01,88,99,13.85,moderate rain
198,Corbelia,BR,-24.8,-53.31,45.86,72,0,7.94,clear sky
199,Vila Velha,BR,-20.33,-40.29,69.8,73,75,13.87,broken clouds
200,Ulladulla,AU,-35.35,150.47,48.2,57,0,25.28,clear sky
201,Beringovskiy,RU,63.05,179.32,51.64,91,100,18.61,light rain
202,Araouane,ML,18.9,-3.53,102.11,15,7,3.36,clear sky
203,Pemba,MZ,-12.97,40.52,77.0,78,40,17.22,scattered clouds
204,Isangel,VU,-19.55,169.27,76.03,79,52,7.58,broken clouds
205,Bara,NG,10.37,10.73,73.98,86,85,4.07,light rain
206,Honghu,CN,29.82,113.46,73.96,97,77,5.28,broken clouds
207,Inhambane,MZ,-23.86,35.38,65.41,72,41,12.06,scattered clouds
208,Aberdeen,GB,57.14,-2.1,60.8,82,29,11.41,scattered clouds
209,Mandiana,GN,10.63,-8.68,74.35,91,100,3.2,moderate rain
210,Mikhaylovka,RU,50.06,43.24,57.99,52,90,1.01,overcast clouds
211,Marabba,SD,12.35,32.18,81.52,72,100,10.36,overcast clouds
212,Benjamin Constant,BR,-4.38,-70.03,69.8,88,90,13.87,light rain
213,Longyearbyen,SJ,78.22,15.64,42.39,76,86,3.74,overcast clouds
214,Hami,CN,42.8,93.45,77.14,23,72,5.48,broken clouds
215,Sembe,CG,1.65,14.58,72.75,86,1,2.51,clear sky
216,Saldanha,ZA,-33.01,17.94,56.91,75,0,8.34,clear sky
217,Mesyagutovo,RU,55.53,58.25,53.4,93,100,8.63,overcast clouds
218,Bobo Dioulasso,BF,11.18,-4.3,80.6,83,20,2.24,thunderstorm
219,Valle De Allende,MX,26.93,-105.4,88.05,22,56,5.41,broken clouds
220,Kuryk,KZ,43.2,51.65,81.14,38,98,13.35,overcast clouds
221,Hithadhoo,MV,-0.6,73.08,84.06,69,93,5.64,overcast clouds
222,Dingle,PH,11.0,122.67,75.29,90,28,0.85,scattered clouds
223,Arraial Do Cabo,BR,-22.97,-42.03,66.2,77,75,23.04,light intensity drizzle
224,Milkovo,RU,54.72,158.62,55.56,72,87,9.13,overcast clouds
225,Fortuna,US,40.6,-124.16,79.0,72,24,3.0,few clouds
226,Shimoni,KE,-4.65,39.38,75.72,82,75,10.89,broken clouds
227,Pevek,RU,69.7,170.31,38.71,92,100,3.71,light rain
228,Corrales,US,35.24,-106.61,95.0,14,1,9.17,clear sky
229,Grindavik,IS,63.84,-22.43,55.4,66,0,14.99,clear sky
230,Bermejo,AR,-32.88,-68.8,62.6,11,0,6.93,clear sky
231,Coihaique,CL,-45.58,-72.07,57.2,44,20,9.17,few clouds
232,Ishigaki,JP,24.34,124.16,81.93,82,96,32.73,light rain
233,Bindi,SL,9.92,-11.45,71.87,96,50,5.95,light rain
234,Yanam,IN,16.73,82.22,78.49,90,95,6.29,moderate rain
235,Sinnamary,GF,5.38,-52.95,81.34,76,0,12.48,clear sky
236,Broome,US,42.25,-75.83,82.99,42,40,9.17,scattered clouds
237,Vilhena,BR,-12.74,-60.15,64.4,55,47,12.75,scattered clouds
238,Plaridel,PH,14.89,120.86,79.0,94,98,2.24,overcast clouds
239,Methoni,GR,36.82,21.7,81.0,78,0,6.73,clear sky
240,Andenes,NO,69.31,16.12,53.6,87,74,5.82,broken clouds
241,Turtas,RU,58.94,69.13,51.1,97,29,4.54,scattered clouds
242,Urubicha,BO,-15.38,-62.95,57.72,42,98,5.84,overcast clouds
243,Rocha,UY,-34.48,-54.33,48.7,69,0,4.85,clear sky
244,Nyurba,RU,63.28,118.33,41.25,83,0,2.98,clear sky
245,Lompoc,US,34.64,-120.46,82.0,60,75,10.29,haze
246,Dinard,FR,48.63,-2.06,64.4,82,0,12.75,clear sky
247,Pangkalanbuun,ID,-2.68,111.62,75.07,97,99,2.3,overcast clouds
248,Georgetown,MY,5.41,100.34,80.6,94,40,8.05,thunderstorm with light rain
249,Coruripe,BR,-10.13,-36.18,73.87,86,94,7.92,overcast clouds
250,Laguna,US,38.42,-121.42,84.2,42,90,3.71,haze
251,Fort-Shevchenko,KZ,44.51,50.26,76.05,63,100,21.94,overcast clouds
252,Kaeo,NZ,-35.1,173.78,53.01,3,3,1.01,clear sky
253,Geraldton,AU,-28.77,114.6,57.2,76,90,9.17,overcast clouds
254,Boundiali,CI,9.52,-6.49,73.96,93,82,1.1,moderate rain
255,Port Arthur,CN,38.8,121.27,64.4,93,0,4.47,clear sky
256,Port-Gentil,GA,-0.72,8.78,74.97,82,96,12.88,overcast clouds
257,Ust-Nera,RU,64.57,143.2,39.65,70,0,5.79,clear sky
258,Egvekinot,RU,66.32,-179.17,46.06,93,100,6.4,light rain
259,Esperance,AU,-33.87,121.9,44.6,100,100,8.05,overcast clouds
260,Rafai,CF,4.95,23.92,70.63,96,94,1.36,light rain
261,Matamoros,MX,25.53,-103.25,95.0,16,40,9.57,scattered clouds
262,Saint-Joseph,RE,-21.37,55.62,68.0,60,19,6.93,few clouds
263,Moerai,PF,-22.43,-151.33,70.65,73,24,24.81,few clouds
264,Wajir,KE,1.75,40.06,77.83,59,100,20.8,overcast clouds
265,Vostok,RU,46.49,135.88,49.17,96,67,3.58,broken clouds
266,Sobolevo,RU,54.43,31.9,52.56,96,56,4.63,broken clouds
267,Terrace Bay,CA,48.78,-87.1,68.0,72,20,5.82,few clouds
268,Daru,PG,-9.08,143.21,74.23,85,4,8.05,clear sky
269,Taltal,CL,-25.4,-70.48,62.33,53,22,4.63,few clouds
270,Saskylakh,RU,71.92,114.08,34.63,91,3,3.83,clear sky
271,Manbij,SY,36.53,37.95,80.6,47,1,12.75,clear sky
272,Lazurne,UA,46.08,32.53,75.99,67,50,16.08,scattered clouds
273,Pitimbu,BR,-7.47,-34.81,78.8,78,75,13.87,broken clouds
274,Cascais,PT,38.7,-9.42,71.01,88,20,16.11,few clouds
275,Le Pradet,FR,43.11,6.02,79.0,94,0,3.36,clear sky
276,Trairi,BR,-3.28,-39.27,78.85,79,1,11.88,clear sky
277,Edd,ER,13.93,41.69,91.24,56,21,6.96,few clouds
278,Johnson City,US,36.31,-82.35,78.8,65,20,2.33,few clouds
279,Pasni,PK,25.26,63.47,82.71,83,97,1.19,overcast clouds
280,Salo,IT,45.61,10.53,82.4,65,0,1.12,clear sky
281,Nizhniy Kuranakh,RU,58.84,125.49,52.09,93,100,3.74,moderate rain
282,Demba,CD,-5.51,22.27,73.98,82,99,3.11,overcast clouds
283,Tabou,CI,4.42,-7.35,75.7,83,99,9.75,overcast clouds
284,Charlestown,AU,-32.95,151.67,51.01,79,6,7.0,clear sky
285,Baft,IR,29.23,56.61,68.83,45,0,2.08,clear sky
286,Merauke,ID,-8.47,140.33,72.55,87,1,10.56,clear sky
287,Lavrentiya,RU,65.58,-171.0,47.89,93,100,7.27,overcast clouds
288,Cururupu,BR,-1.83,-44.87,78.98,79,5,4.83,clear sky
289,Cochrane,CA,51.18,-114.47,75.99,47,20,12.75,few clouds
290,Kushiro,JP,42.98,144.37,60.64,83,99,2.95,overcast clouds
291,Lahaina,US,20.88,-156.68,89.6,48,20,17.22,few clouds
292,Cap-Chat,CA,49.1,-66.68,62.73,60,0,8.19,clear sky
293,Alofi,NU,-19.06,-169.92,77.0,88,75,6.93,broken clouds
294,Leningradskiy,RU,69.38,178.42,42.48,82,100,3.13,overcast clouds
295,San Jose De Guanipa,VE,8.89,-64.17,79.57,79,100,6.53,moderate rain
296,Tiksi,RU,71.69,128.87,38.61,82,99,11.05,overcast clouds
297,Benicarlo,ES,40.42,0.43,75.99,75,0,6.02,clear sky
298,Clyde River,CA,70.47,-68.59,44.42,81,100,1.7,overcast clouds
299,Chapais,CA,49.78,-74.85,64.4,42,1,10.29,clear sky
300,San Rafael Del Sur,NI,11.85,-86.44,77.0,94,75,12.46,moderate rain
301,Planaltina,BR,-15.45,-47.61,84.2,37,20,1.12,few clouds
302,Vyartsilya,RU,62.18,30.69,56.1,83,0,4.41,clear sky
303,Kosonsoy,UZ,41.26,71.55,73.4,46,0,6.93,clear sky
304,Nyazepetrovsk,RU,56.05,59.6,51.19,97,69,5.37,broken clouds
305,Jumla,NP,29.27,82.18,60.6,70,83,0.85,broken clouds
306,Shizunai,JP,42.33,142.37,61.5,79,100,3.51,overcast clouds
307,Mount Gambier,AU,-37.83,140.77,44.6,87,75,14.99,broken clouds
308,Chara,RU,56.91,118.26,50.34,71,12,2.73,few clouds
309,Kampot,KH,10.62,104.18,82.4,78,20,6.93,few clouds
310,Oparino,RU,59.85,48.28,50.41,93,75,4.81,broken clouds
311,Poum,NC,-20.23,164.02,70.81,76,0,6.29,clear sky
312,Manggar,ID,-2.88,108.27,81.03,84,100,12.12,moderate rain
313,Kirakira,SB,-10.45,161.92,81.16,80,77,6.73,broken clouds
314,Avera,US,33.19,-82.53,80.6,78,40,6.93,scattered clouds
315,Airai,TL,-8.93,125.41,57.72,51,0,3.27,clear sky
316,Namibe,AO,-15.2,12.15,65.17,67,94,6.93,overcast clouds
317,General Roca,AR,-39.03,-67.58,69.8,30,0,2.24,clear sky
318,Valle De Santiago,MX,20.38,-101.2,78.8,47,40,4.65,scattered clouds
319,Paamiut,GL,61.99,-49.67,46.0,80,0,3.29,clear sky
320,Lahad Datu,MY,5.03,118.33,78.03,86,1,3.76,clear sky
321,Great Yarmouth,GB,52.61,1.73,69.01,71,0,8.99,clear sky
322,Shenzhen,CN,22.55,114.07,82.0,88,86,1.01,overcast clouds
323,Krasnoshchekovo,RU,51.67,82.73,57.51,69,100,10.98,light rain
324,Baghdad,IQ,33.34,44.4,84.2,26,0,2.24,clear sky
325,Porto Santo,PT,33.07,-16.34,73.4,78,20,12.75,few clouds
326,Victoria,HK,22.29,114.16,82.0,78,74,1.45,broken clouds
327,Quatre Cocos,MU,-20.21,57.76,70.0,73,40,6.93,scattered clouds
328,Antofagasta,CL,-23.65,-70.4,57.2,76,20,12.75,few clouds
329,San Patricio,MX,19.22,-104.7,87.8,74,75,5.82,broken clouds
330,Pedernales,DO,18.04,-71.74,93.2,63,40,18.34,scattered clouds
331,Aklavik,CA,68.22,-135.01,57.2,76,75,5.82,broken clouds
332,Yar-Sale,RU,66.83,70.83,54.48,88,89,9.62,overcast clouds
333,Stromness,GB,58.97,-3.3,59.0,87,16,10.29,few clouds
334,Koyelga,RU,54.65,60.9,53.56,92,70,10.69,light rain
335,Calbuco,CL,-41.77,-73.13,48.2,81,0,10.29,clear sky
336,Bajil,YE,15.06,43.29,93.49,48,98,2.46,overcast clouds
337,Dubbo,AU,-32.25,148.62,42.8,93,40,12.75,scattered clouds
338,Hetauda,NP,27.43,85.03,74.5,81,85,4.92,overcast clouds
339,Grand Gaube,MU,-20.01,57.66,70.0,68,32,3.0,scattered clouds
340,Puerto Ayacucho,VE,5.66,-67.62,78.8,88,75,6.93,shower rain
341,Bozoum,CF,6.32,16.38,70.09,94,92,2.13,light rain
342,Kaoma,ZM,-14.78,24.8,73.45,32,88,7.65,overcast clouds
343,Sambava,MG,-14.27,50.17,68.85,84,1,11.97,clear sky
344,Pangnirtung,CA,66.15,-65.71,55.4,76,20,8.05,few clouds
345,Omboue,GA,-1.57,9.26,74.41,79,92,8.61,overcast clouds
346,Tromso,NO,69.65,18.96,51.8,81,82,29.97,broken clouds
347,Yenagoa,NG,4.92,6.26,74.89,91,100,3.91,overcast clouds
348,Trincomalee,LK,8.57,81.23,78.78,82,62,10.04,broken clouds
349,Saint Anthony,US,45.02,-93.22,88.0,48,1,11.41,clear sky
350,Dawei,MM,14.08,98.2,74.73,93,100,1.45,light rain
351,Pandan,PH,14.05,124.17,80.29,87,71,8.19,broken clouds
352,Hualmay,PE,-11.1,-77.61,64.35,71,77,8.05,broken clouds
353,Atambua,ID,-9.11,124.89,67.95,78,1,4.12,clear sky
354,Hervey Bay,AU,-25.3,152.85,55.99,76,0,9.17,clear sky
355,Luganville,VU,-15.53,167.17,77.0,100,75,7.81,shower rain
356,Port Lincoln,AU,-34.73,135.87,48.97,66,0,20.18,clear sky
357,Krasnyy Kholm,RU,58.06,37.12,55.29,74,0,5.39,clear sky
358,Zhigansk,RU,66.77,123.37,37.58,79,0,14.83,clear sky
359,Balikpapan,ID,-1.27,116.83,75.31,92,100,3.51,overcast clouds
360,Camacha,PT,33.08,-16.33,73.4,78,20,12.75,few clouds
361,Port Hedland,AU,-20.32,118.57,60.8,41,0,8.05,clear sky
362,Nybro,SE,56.74,15.91,64.99,93,85,3.44,mist
363,Sibay,RU,52.72,58.67,48.31,90,3,4.97,clear sky
364,Antsohihy,MG,-14.88,47.99,67.15,83,4,3.13,clear sky
365,Abomsa,ET,9.98,39.98,69.49,78,100,6.26,moderate rain
366,Kindu,CD,-2.95,25.95,73.0,90,99,2.68,light rain
367,Wasilla,US,61.58,-149.44,70.0,52,1,3.36,clear sky
368,Barranca,PE,-10.75,-77.77,64.15,71,98,8.7,overcast clouds
369,Darab,IR,28.75,54.54,84.09,19,0,7.43,clear sky
370,Narsaq,GL,60.92,-46.05,57.2,47,20,6.93,few clouds
371,Santa Marinella,IT,42.03,11.85,75.99,46,0,2.71,clear sky
372,Lata,PT,40.16,-8.33,69.01,91,67,2.55,broken clouds
373,Kuusamo,FI,65.97,29.18,59.0,82,4,3.36,clear sky
374,Adre,TD,13.47,22.2,76.1,82,77,1.12,broken clouds
375,Altagracia De Orituco,VE,9.86,-66.38,78.4,91,100,3.94,moderate rain
376,Broken Hill,AU,-31.95,141.43,41.0,80,34,13.87,scattered clouds
377,Rongcheng,CN,30.63,117.85,75.69,93,96,1.39,overcast clouds
378,Krasnoselkup,RU,65.7,82.47,51.35,83,19,12.15,few clouds
379,Nago,JP,26.59,127.98,80.6,100,90,5.97,overcast clouds
380,Bressuire,FR,46.92,-0.5,68.0,73,33,4.0,scattered clouds
381,Kaffrine,SN,14.11,-15.55,78.8,83,81,8.99,broken clouds
382,Youhao,CN,47.87,128.83,52.36,89,21,2.1,few clouds
383,Praia Da Vitoria,PT,38.73,-27.07,71.6,78,40,4.16,scattered clouds
384,Lima,PE,-12.04,-77.03,62.6,77,90,6.93,overcast clouds
385,Viransehir,TR,37.24,39.76,79.9,27,0,8.14,clear sky
386,Salalah,OM,17.02,54.09,77.0,100,90,3.36,light intensity drizzle
387,Bowen,AU,-20.02,148.23,60.01,93,0,4.7,clear sky
388,Inongo,CD,-1.95,18.27,73.45,78,44,5.48,scattered clouds
389,Luancheng,CN,37.88,114.65,62.6,100,100,0.65,overcast clouds
390,Coquimbo,CL,-29.95,-71.34,55.4,76,0,5.82,clear sky
391,Kununurra,AU,-15.77,128.73,66.2,71,84,1.12,broken clouds
392,Kiyasovo,RU,56.35,53.12,54.0,93,90,3.0,overcast clouds
393,Koumac,NC,-20.57,164.28,69.89,71,0,1.83,clear sky
394,Potosi,BO,-19.58,-65.75,54.84,24,1,20.69,clear sky
395,Lianran,CN,24.92,102.48,66.0,100,75,1.95,broken clouds
396,Vanavara,RU,60.34,102.28,53.37,80,100,3.13,overcast clouds
397,Tautira,PF,-17.73,-149.15,82.4,69,40,4.7,scattered clouds
398,Mitsamiouli,KM,-11.38,43.28,76.59,74,0,6.35,clear sky
399,Changji,CN,44.02,87.32,71.6,46,100,8.95,overcast clouds
400,Mersing,MY,2.43,103.84,77.0,94,75,4.7,broken clouds
401,Ceres,US,37.59,-120.96,82.4,45,90,8.05,haze
402,Batesville,US,35.77,-91.64,90.0,42,1,3.36,clear sky
403,Bairiki,KI,1.33,172.98,82.4,78,20,3.36,few clouds
404,Sattahip,TH,12.67,100.9,78.8,94,40,1.95,scattered clouds
405,Kyzyl-Suu,KG,42.34,78.0,54.79,55,0,2.53,clear sky
406,Romilly-Sur-Seine,FR,48.51,3.73,73.4,73,66,9.17,broken clouds
407,Duobao,CN,30.67,112.69,73.99,96,97,8.5,light rain
408,Mackay,AU,-21.15,149.2,48.2,87,0,5.82,clear sky
409,Mehamn,NO,71.04,27.85,55.4,87,75,2.24,broken clouds
410,Cesvaine,LV,56.97,26.32,55.71,96,89,5.44,overcast clouds
411,Itoman,JP,26.12,127.67,84.2,79,75,1.12,broken clouds
412,Kontagora,NG,10.4,5.47,70.99,96,100,2.57,overcast clouds
413,Sorkjosen,NO,69.8,20.93,56.84,80,100,4.68,overcast clouds
414,Seoul,KR,37.57,126.98,77.0,83,75,4.09,broken clouds
415,Brora,GB,58.01,-3.85,62.6,77,5,12.75,clear sky
416,Kushima,JP,31.46,131.23,78.01,88,63,3.0,broken clouds
417,Lhokseumawe,ID,5.18,97.15,79.02,83,100,5.41,light rain
418,Rosetta,EG,31.4,30.42,77.59,76,0,15.05,clear sky
419,Shubarkuduk,KZ,49.14,56.49,60.93,50,0,6.44,clear sky
420,Harper,LR,4.38,-7.72,75.76,83,88,9.35,overcast clouds
421,Pyaozerskiy,RU,65.83,31.17,60.01,77,19,6.67,few clouds
422,Port Macquarie,AU,-31.43,152.92,39.99,94,13,7.63,few clouds
423,Cheshunt,GB,51.71,-0.04,66.0,78,0,4.0,clear sky
424,Sao Francisco,BR,-15.95,-44.86,83.39,32,63,3.87,broken clouds
425,Moosomin,CA,50.13,-101.67,86.54,37,4,8.43,clear sky
426,Baringo,KE,0.47,35.97,70.16,66,44,5.08,scattered clouds
427,Lasa,IT,46.62,10.7,68.0,77,40,3.36,scattered clouds
428,Qiongshan,CN,20.01,110.35,77.0,100,20,3.89,few clouds
429,Jiaozuo,CN,35.24,113.23,71.62,64,100,3.02,overcast clouds
430,Launceston,AU,-41.45,147.17,39.0,93,90,8.05,moderate rain
431,Ahipara,NZ,-35.17,173.17,58.6,83,0,6.2,clear sky
432,Shibata,JP,37.95,139.33,75.0,94,34,2.26,scattered clouds
433,Khorixas,NA,-20.37,14.97,58.84,22,7,6.51,clear sky
434,Mayumba,GA,-3.43,10.66,73.11,86,63,3.85,broken clouds
435,Sabla,NG,12.75,4.71,75.63,83,100,11.59,overcast clouds
436,Campos Gerais,BR,-21.23,-45.76,56.39,85,100,5.66,overcast clouds
437,Cordoba,AR,-31.41,-64.18,66.99,12,0,14.99,clear sky
438,Opuwo,NA,-18.06,13.84,56.35,26,56,7.25,broken clouds
439,Le Port,RE,-20.94,55.29,68.0,68,1,5.82,clear sky
440,Lodja,CD,-3.48,23.43,74.05,90,100,1.54,moderate rain
441,Nemuro,JP,43.32,145.57,59.74,81,67,3.74,broken clouds
442,Lucea,JM,18.45,-78.17,91.0,66,20,17.22,few clouds
443,Solwezi,ZM,-12.17,26.39,67.57,39,77,6.04,broken clouds
444,Kalispell,US,48.2,-114.31,84.99,28,1,5.82,clear sky
445,Xai-Xai,MZ,-25.05,33.64,63.37,75,0,7.02,clear sky
446,Tokmak,UA,47.25,35.71,71.11,63,98,3.65,overcast clouds
447,Sicamous,CA,50.83,-118.99,77.0,67,99,5.75,light rain
448,Severobaykalsk,RU,55.65,109.32,56.14,64,100,5.93,overcast clouds
449,Tuatapere,NZ,-46.13,167.68,48.99,97,31,3.0,scattered clouds
450,Murray Bridge,AU,-35.12,139.27,45.0,84,21,10.0,few clouds
451,Ibra,OM,22.69,58.53,87.87,49,100,4.81,overcast clouds
452,Berlevag,NO,70.86,29.09,55.4,87,75,2.24,broken clouds
453,Orocue,CO,4.79,-71.34,75.7,88,100,4.32,overcast clouds
454,Melito Di Porto Salvo,IT,37.92,15.77,80.6,69,0,3.36,clear sky
455,Sulecin,PL,52.44,15.12,81.0,47,19,4.7,light rain
456,Kungurtug,RU,50.6,97.52,45.0,84,1,1.16,clear sky
457,Vysokogornyy,RU,50.12,139.15,51.24,93,82,3.13,broken clouds
458,Port Hardy,CA,50.7,-127.42,55.4,100,90,10.29,light rain
459,Banda Aceh,ID,5.56,95.32,79.75,77,100,0.58,overcast clouds
460,Munster,DE,51.96,7.63,73.99,78,72,8.05,broken clouds
461,Davila,PH,18.47,120.58,80.8,78,12,12.62,few clouds
462,Ikwiriri,TZ,-7.96,38.97,69.55,91,46,3.71,scattered clouds
463,Itarema,BR,-2.92,-39.92,79.18,78,6,15.21,clear sky
464,Harnosand,SE,62.63,17.94,66.99,93,88,11.41,overcast clouds
465,Collie,AU,-33.37,116.15,48.99,73,100,4.18,overcast clouds
466,Bad Segeberg,DE,53.93,10.32,72.0,89,100,5.14,overcast clouds
467,Aksarayskiy,RU,46.79,48.01,73.4,25,100,11.18,overcast clouds
468,Barillas,GT,15.8,-91.32,71.31,81,69,1.54,moderate rain
469,Kuremaa,EE,58.74,26.54,63.0,77,100,3.36,overcast clouds
470,Oga,IT,46.46,10.35,68.0,87,18,8.05,few clouds
471,Ixtapa,MX,20.7,-105.2,89.01,70,75,6.93,broken clouds
472,Los Alamos,US,35.89,-106.31,90.0,16,1,12.75,clear sky
473,Lagoa,PT,39.05,-27.98,69.24,62,0,2.55,clear sky
474,Bridgetown,BB,13.1,-59.62,84.2,79,40,18.34,shower rain
475,Pointe Michel,DM,15.25,-61.38,86.0,79,75,1.12,broken clouds
476,Muisne,EC,0.6,-80.03,78.8,83,75,4.7,broken clouds
477,College,US,64.86,-147.8,55.4,87,75,3.36,broken clouds
478,Louis Trichardt,ZA,-23.04,29.9,55.44,90,73,10.29,broken clouds
479,Tempio Pausania,IT,40.9,9.1,80.6,74,11,3.36,few clouds
480,Gushikawa,JP,26.35,127.87,80.6,100,90,6.02,overcast clouds
481,Santa Cruz,BO,-17.8,-63.17,57.2,54,90,11.41,overcast clouds
482,Ponta Delgada,PT,37.73,-25.67,73.4,83,20,6.93,few clouds
483,Puerto Madryn,AR,-42.77,-65.04,62.74,34,0,18.43,clear sky
484,Gao,ML,16.64,1.64,94.05,29,60,16.46,broken clouds
485,Chauk,MM,20.88,94.82,76.71,88,74,7.49,broken clouds
486,Jacksonville,US,30.33,-81.66,87.01,58,75,9.17,shower rain
487,Korla,CN,41.76,86.15,75.04,40,1,5.93,clear sky
488,Laishevo,RU,55.4,49.55,55.4,82,75,2.24,broken clouds
489,Te Anau,NZ,-45.42,167.72,42.89,87,71,0.34,broken clouds
490,Tokonou,GN,9.65,-9.78,70.32,96,100,2.53,light rain
491,Jinchang,CN,38.5,102.17,67.78,56,72,0.87,broken clouds
492,Cloquet,US,46.72,-92.46,73.0,82,90,5.82,overcast clouds
493,Sur,OM,22.57,59.53,83.23,69,100,12.84,overcast clouds
494,Arenapolis,BR,-14.45,-56.85,68.88,44,9,9.98,clear sky
495,Athabasca,CA,54.72,-113.29,70.27,53,100,8.57,overcast clouds
496,Sovetskiy,RU,61.36,63.58,56.17,90,100,9.62,light rain
497,Osypenko,UA,46.91,36.83,75.99,100,55,11.99,broken clouds
498,Buraydah,SA,26.33,43.98,93.2,23,38,8.05,scattered clouds
499,Itaueira,BR,-7.6,-43.03,88.07,24,90,3.44,overcast clouds
500,Tateyama,JP,34.98,139.87,81.0,91,1,1.01,clear sky
501,Angoche,MZ,-16.23,39.91,72.28,79,7,11.32,clear sky
502,Hailar,CN,49.2,119.7,56.12,68,100,8.08,overcast clouds
503,Bongandanga,CD,1.5,21.05,71.67,94,100,0.4,overcast clouds
504,Tshikapa,CD,-6.42,20.8,75.79,73,100,2.53,light rain
505,Iberia,US,29.95,-91.75,93.2,36,1,5.01,clear sky
506,Portland,US,45.52,-122.68,75.0,56,90,10.29,overcast clouds
507,Nabire,ID,-3.37,135.48,74.3,88,82,3.38,broken clouds
508,Rio Gallegos,AR,-51.62,-69.22,53.6,64,100,13.87,overcast clouds
509,Vila Franca Do Campo,PT,37.72,-25.43,73.4,83,20,6.93,few clouds
510,Qaqortoq,GL,60.72,-46.03,57.2,47,20,6.93,few clouds
511,Iwanai,JP,42.97,140.51,58.26,62,99,3.24,overcast clouds
512,Aginskoye,RU,51.1,114.53,59.9,84,100,0.54,overcast clouds
513,Haines Junction,CA,60.75,-137.51,56.5,78,90,3.56,light rain
514,Kasongo-Lunda,CD,-6.47,16.82,81.73,50,42,1.21,scattered clouds
515,Norden,DE,53.6,7.2,71.6,68,40,6.93,scattered clouds
516,Kiama,AU,-34.68,150.87,48.99,58,0,11.99,clear sky
517,Acarau,BR,-2.89,-40.12,79.59,77,6,14.76,clear sky
518,Kondinskoye,RU,59.65,67.41,52.29,95,20,7.07,few clouds
519,Carutapera,BR,-1.2,-46.02,79.72,81,7,8.16,clear sky
520,Kaili,ID,-3.46,120.21,67.26,82,23,2.24,few clouds
521,Kodinar,IN,20.79,70.7,80.89,87,100,13.02,overcast clouds
522,Plerin,FR,48.54,-2.78,64.4,77,20,6.93,few clouds
523,Necochea,AR,-38.55,-58.74,54.0,62,0,1.99,clear sky
524,Kharitonovo,RU,61.4,47.5,51.96,86,68,4.9,broken clouds
525,Kilindoni,TZ,-7.91,39.67,76.64,75,54,12.39,broken clouds
526,Gunjur,GM,13.2,-16.73,78.8,94,75,3.36,broken clouds
527,Tual,ID,-5.67,132.75,79.05,85,31,17.31,light rain
528,Pajapan,MX,18.25,-94.7,89.6,62,40,5.82,haze
529,Saquena,PE,-4.67,-73.52,77.09,90,100,4.79,light rain
530,Ostrovnoy,RU,68.05,39.51,52.79,90,73,4.74,broken clouds
531,Bad Windsheim,DE,49.5,10.42,78.8,64,40,3.89,scattered clouds
532,Svetlogorsk,BY,52.63,29.73,58.05,97,34,5.19,scattered clouds
533,Samoylovka,RU,51.18,43.71,54.0,63,19,3.0,few clouds
534,Lieksa,FI,63.32,30.02,61.48,75,0,9.8,clear sky
535,Maceio,BR,-9.67,-35.74,77.0,78,40,6.93,scattered clouds
536,Rochegda,RU,62.8,43.25,52.5,75,88,1.61,overcast clouds
537,Kholodnyy,RU,62.72,147.95,35.82,81,100,3.67,overcast clouds
538,Sept-Iles,CA,50.2,-66.38,69.8,35,40,12.75,scattered clouds
539,Roi Et,TH,16.06,103.65,74.97,92,100,7.11,overcast clouds
540,Tingi,TZ,-11.3,35.03,59.76,79,6,3.76,clear sky
541,Caravelas,BR,-17.71,-39.25,72.19,88,94,14.2,light rain
542,Rudnyy,KZ,52.96,63.12,55.4,87,49,4.47,scattered clouds
543,Ostrow Mazowiecka,PL,52.8,21.9,66.99,45,81,6.78,broken clouds
544,Xinyu,CN,27.8,114.93,77.47,92,97,2.13,light rain
545,Aykhal,RU,66.0,111.5,46.4,65,97,4.47,overcast clouds
546,Nazarovo,RU,56.01,90.39,54.75,92,100,6.73,overcast clouds
547,Axim,GH,4.87,-2.24,75.16,89,63,7.52,broken clouds
548,Nikolsk,RU,53.72,46.07,50.13,88,1,3.04,clear sky
549,Burley,US,42.54,-113.79,87.8,22,1,6.93,haze
550,Tripoli,LY,32.88,13.19,80.96,66,0,14.38,clear sky
551,Murgab,TM,37.5,61.97,77.0,33,0,6.93,clear sky
552,Yucca Valley,US,34.11,-116.43,97.0,46,17,5.01,few clouds
553,Nalut,LY,30.33,10.85,84.07,24,0,11.86,clear sky
554,Port Blair,IN,11.67,92.75,81.93,80,100,10.71,overcast clouds
555,Nuevitas,CU,21.55,-77.26,91.4,55,40,14.99,scattered clouds
556,Augusto Correa,BR,-1.02,-46.63,79.52,81,8,6.17,clear sky
557,Sudak,UA,44.85,34.97,69.6,72,0,8.84,clear sky
558,Aksha,RU,50.28,113.29,60.28,84,100,1.7,overcast clouds
559,Dalby,AU,-27.18,151.27,43.0,64,77,9.62,broken clouds
560,Batagay,RU,67.63,134.63,37.38,85,53,4.74,broken clouds
561,Coahuayana,MX,18.73,-103.68,78.8,83,75,11.41,broken clouds
562,Mitchell,US,43.71,-98.03,89.6,52,1,10.29,clear sky
563,Pont-Saint-Esprit,FR,44.25,4.65,80.6,57,0,6.93,clear sky
564,Havoysund,NO,71.0,24.66,59.0,82,75,3.36,broken clouds
565,Sorland,NO,67.67,12.69,55.4,93,40,4.7,scattered clouds
566,Sabang,ID,5.89,95.32,83.03,70,72,4.74,broken clouds
567,Tucurui,BR,-3.77,-49.67,89.13,38,54,1.77,broken clouds
